image,label,x,y,width,height
aussen1_frame(16).png,2,0.7627604166666667,0.5569444444444445,0.029125,0.09351851851851851
aussen1_frame(16).png,1,0.7625,0.5935185185185186,0.028864583333333335,0.11018518518518519
