image,label,x,y,width,height
aussen1_frame(1).png,1,0.27578125,0.6263888888888889,0.09661458333333334,0.14351851851851852
aussen1_frame(1).png,2,0.2761666666666667,0.5648148148148148,0.027,0.15407407407407407
