image,label,x,y,width,height
aussen1_frame(17).png,2,0.7658854166666667,0.5523148148148148,0.023697916666666666,0.08611111111111111
aussen1_frame(17).png,1,0.7661458333333333,0.5884259259259259,0.026822916666666665,0.08657407407407407
