image,label,x,y,width,height
aussen1_frame(14).png,2,0.75859375,0.5550925925925926,0.03125,0.10231481481481482
aussen1_frame(14).png,1,0.7591145833333334,0.6023148148148149,0.028125,0.1287037037037037
