image,label,x,y,width,height
aussen1_frame(18).png,2,0.76640625,0.5527777777777778,0.020572916666666666,0.07768518518518519
aussen1_frame(18).png,1,0.7684895833333333,0.5907407407407408,0.02734375,0.07731481481481481
