image,label,x,y,width,height
aussen1_frame(23).png,2,0.7791666666666667,0.5462962962962963,0.0203125,0.07037037037037037
aussen1_frame(23).png,1,0.7799479166666666,0.5726851851851852,0.016927083333333332,0.06296296296296296
