image,label,x,y,width,height
aussen1_frame(7).png,1,0.59453125,0.6560185185185186,0.14869791666666668,0.18796296296296297
aussen1_frame(7).png,2,0.6072916666666667,0.5805555555555556,0.03859375,0.17416666666666667
