image,label,x,y,width,height
aussen1_frame(21).png,2,0.77578125,0.5462962962962963,0.0234375,0.07546296296296297
aussen1_frame(21).png,1,0.7755208333333333,0.575462962962963,0.020833333333333332,0.07268518518518519
