image,label,x,y,width,height
aussen1_frame(20).png,2,0.7729166666666667,0.5486111111111112,0.021354166666666667,0.07
aussen1_frame(20).png,1,0.7729166666666667,0.5791666666666667,0.019010416666666665,0.07361111111111111
