image,label,x,y,width,height
aussen1_frame(4).png,1,0.4088541666666667,0.6449074074074074,0.14427083333333332,0.15416666666666667
aussen1_frame(4).png,2,0.41458333333333336,0.5763888888888888,0.028125,0.15416666666666667
