image,label,x,y,width,height
aussen1_frame(15).png,2,0.7619791666666667,0.5578703703703703,0.030989583333333334,0.0962962962962963
aussen1_frame(15).png,1,0.7630208333333334,0.5949074074074074,0.029166666666666667,0.11990740740740741
