image,label,x,y,width,height
aussen1_frame(11).png,2,0.7463541666666667,0.5597222222222222,0.03854166666666667,0.1425925925925926
aussen1_frame(11).png,1,0.74765625,0.6305555555555555,0.03411458333333333,0.16296296296296298
