image,label,x,y,width,height
aussen1_frame(8).png,1,0.6481770833333333,0.6513888888888889,0.13203125,0.18703703703703703
aussen1_frame(8).png,2,0.6630208333333333,0.5726851851851852,0.03967708333333333,0.1676851851851852
