image,label,x,y,width,height
aussen1_frame(9).png,1,0.6997395833333333,0.6486111111111111,0.08567708333333333,0.16898148148148148
aussen1_frame(9).png,2,0.71,0.5805555555555556,0.044,0.1500925925925926
