image,label,x,y,width,height
aussen1_frame(12).png,2,0.7528645833333333,0.5550925925925926,0.035416666666666666,0.12037037037037036
aussen1_frame(12).png,1,0.7544270833333333,0.6189814814814815,0.033854166666666664,0.13935185185185187
