image,label,x,y,width,height
aussen1_frame(10).png,1,0.7330729166666666,0.6407407407407407,0.05625,0.16064814814814815
aussen1_frame(10).png,2,0.7348958333333333,0.5726851851851852,0.04088541666666667,0.1510185185185185
