image,label,x,y,width,height
aussen1_frame(5).png,1,0.46432291666666664,0.6439814814814815,0.15,0.16898148148148148
aussen1_frame(5).png,2,0.4713541666666667,0.5726851851851852,0.027604166666666666,0.1697222222222222
