image,label,x,y,width,height
aussen1_frame(22).png,2,0.7778645833333333,0.5472222222222223,0.021875,0.06944444444444445
aussen1_frame(22).png,1,0.778125,0.5740740740740741,0.020052083333333335,0.06527777777777778
