image,label,x,y,width,height
aussen1_frame(3).png,1,0.36041666666666666,0.6356481481481482,0.125,0.1449074074074074
aussen1_frame(3).png,2,0.3611979166666667,0.5768518518518518,0.024479166666666666,0.15703703703703704
