image,label,x,y,width,height
aussen1_frame(19).png,2,0.7682291666666666,0.5527777777777778,0.020833333333333332,0.06912962962962964
aussen1_frame(19).png,1,0.7682291666666666,0.587037037037037,0.01953125,0.07916666666666666
