image,label,x,y,width,height
aussen1_frame(6).png,1,0.5302083333333333,0.6467592592592593,0.16223958333333333,0.1875
aussen1_frame(6).png,2,0.5408854166666667,0.5791666666666667,0.030083333333333334,0.17046296296296297
