image,label,x,y,width,height
aussen1_frame(2).png,1,0.31692708333333336,0.6319444444444444,0.10572916666666667,0.14814814814814814
aussen1_frame(2).png,2,0.3171875,0.5712962962962963,0.025,0.15055555555555556
