image,label,x,y,width,height
aussen1_frame(13).png,2,0.7546875,0.5523148148148148,0.03177083333333333,0.11018518518518519
aussen1_frame(13).png,1,0.7557291666666667,0.6027777777777777,0.027864583333333335,0.12
