image,label,x,y,width,height
GP028294_0_frame(117).png,2,0.55,0.5148148148148148,0.038802083333333334,0.15787037037037038
GP028294_0_frame(117).png,1,0.5518229166666667,0.5912037037037037,0.04244791666666667,0.16898148148148148
