image,label,x,y,width,height
GP028294_0_frame(131).png,1,0.7052083333333333,0.6476851851851851,0.3346354166666667,0.39305555555555555
GP028294_0_frame(131).png,1,0.5268229166666667,0.5685185185185185,0.07916666666666666,0.10462962962962963
GP028294_0_frame(131).png,2,0.5221354166666666,0.5152777777777777,0.015364583333333333,0.08842592592592592
GP028294_0_frame(131).png,2,0.6822916666666666,0.5287037037037037,0.05625,0.31851851851851853
