image,label,x,y,width,height
GP028294_0_frame(54).png,1,0.5463541666666667,0.5398148148148149,0.06145833333333333,0.05740740740740741
GP028294_0_frame(54).png,2,0.5455729166666666,0.5111111111111111,0.010416666666666666,0.05787037037037037
GP028294_0_frame(54).png,1,0.12786458333333334,0.4976851851851852,0.032552083333333336,0.05
