image,label,x,y,width,height
GP028294_0_frame(4).png,1,0.34348958333333335,0.5421296296296296,0.022395833333333334,0.046296296296296294
GP028294_0_frame(4).png,2,0.34401041666666665,0.5194444444444445,0.01015625,0.04722222222222222
