image,label,x,y,width,height
GP028294_0_frame(69).png,1,0.7651041666666667,0.5254629629629629,0.03567708333333333,0.07361111111111111
GP028294_0_frame(69).png,2,0.7635416666666667,0.49722222222222223,0.0125,0.05787037037037037
