image,label,x,y,width,height
GP028294_0_frame(3).png,1,0.29791666666666666,0.5504629629629629,0.028645833333333332,0.06851851851851852
GP028294_0_frame(3).png,2,0.29921875,0.5199074074074074,0.016145833333333335,0.06111111111111111
