image,label,x,y,width,height
GP028294_0_frame(106).png,1,0.3502604166666667,0.5421296296296296,0.01875,0.05
GP028294_0_frame(106).png,2,0.34921875,0.5194444444444445,0.010677083333333334,0.04814814814814815
