image,label,x,y,width,height
GP028294_0_frame(89).png,2,0.9854166666666667,0.4671296296296296,0.022395833333333334,0.17222222222222222
GP028294_0_frame(89).png,1,0.9830729166666666,0.5787037037037037,0.02890625,0.18055555555555555
GP028294_0_frame(89).png,2,0.990625,0.4236111111111111,0.01484375,0.09490740740740741
