image,label,x,y,width,height
GP028294_0_frame(15).png,2,0.5393229166666667,0.512962962962963,0.03229166666666667,0.12685185185185185
GP028294_0_frame(15).png,1,0.5421875,0.5773148148148148,0.035416666666666666,0.16342592592592592
