image,label,x,y,width,height
GP028294_0_frame(150).png,1,0.8893229166666666,0.5388888888888889,0.06380208333333333,0.09583333333333334
GP028294_0_frame(150).png,2,0.8828125,0.4976851851851852,0.016666666666666666,0.09351851851851851
