image,label,x,y,width,height
GP028294_0_frame(50).png,1,0.5700520833333333,0.538425925925926,0.05572916666666667,0.05787037037037037
GP028294_0_frame(50).png,2,0.56875,0.5101851851851852,0.009635416666666667,0.05648148148148148
GP028294_0_frame(50).png,1,0.11796875,0.48935185185185187,0.021614583333333333,0.049074074074074076
