image,label,x,y,width,height
GP028294_0_frame(13).png,2,0.5119791666666667,0.5115740740740741,0.016145833333333335,0.05787037037037037
GP028294_0_frame(13).png,1,0.5127604166666667,0.537962962962963,0.016927083333333332,0.06805555555555555
GP028294_0_frame(13).png,1,0.13671875,0.500462962962963,0.03307291666666667,0.06018518518518518
GP028294_0_frame(13).png,2,0.13307291666666668,0.4791666666666667,0.009635416666666667,0.05277777777777778
