image,label,x,y,width,height
GP028294_0_frame(126).png,1,0.6947916666666667,0.674537037037037,0.31666666666666665,0.4046296296296296
GP028294_0_frame(126).png,2,0.6481770833333333,0.5342592592592592,0.05963541666666667,0.3388888888888889
