image,label,x,y,width,height
GP028294_0_frame(67).png,2,0.6609375,0.5037037037037037,0.010416666666666666,0.04351851851851852
GP028294_0_frame(67).png,1,0.6619791666666667,0.5226851851851851,0.015104166666666667,0.04490740740740741
