image,label,x,y,width,height
GP028294_0_frame(179).png,2,0.51953125,0.5087962962962963,0.015364583333333333,0.055092592592592596
GP028294_0_frame(179).png,1,0.13255208333333332,0.49722222222222223,0.025260416666666667,0.05925925925925926
GP028294_0_frame(179).png,1,0.52109375,0.5361111111111111,0.01484375,0.07037037037037037
GP028294_0_frame(179).png,2,0.13229166666666667,0.475462962962963,0.009895833333333333,0.044444444444444446
