image,label,x,y,width,height
GP028294_0_frame(49).png,1,0.6309895833333333,0.5356481481481481,0.049479166666666664,0.05694444444444444
GP028294_0_frame(49).png,2,0.6322916666666667,0.5069444444444444,0.008333333333333333,0.05648148148148148
