image,label,x,y,width,height
GP028294_0_frame(45).png,1,0.8596354166666667,0.5398148148148149,0.06927083333333334,0.09074074074074075
GP028294_0_frame(45).png,2,0.85234375,0.4981481481481482,0.016145833333333335,0.07731481481481481
