image,label,x,y,width,height
GP028294_0_frame(14).png,1,0.52109375,0.5467592592592593,0.0234375,0.09074074074074075
GP028294_0_frame(14).png,2,0.5197916666666667,0.5074074074074074,0.021354166666666667,0.08055555555555556
