image,label,x,y,width,height
GP028294_0_frame(53).png,1,0.5908854166666667,0.5365740740740741,0.0515625,0.056018518518518516
GP028294_0_frame(53).png,2,0.5911458333333334,0.5078703703703704,0.008333333333333333,0.05694444444444444
