image,label,x,y,width,height
GP028294_0_frame(141).png,1,0.68828125,0.6708333333333333,0.26875,0.33055555555555555
GP028294_0_frame(141).png,2,0.6901041666666666,0.5259259259259259,0.05546875,0.32916666666666666
