image,label,x,y,width,height
GP028294_0_frame(77).png,1,0.63515625,0.5236111111111111,0.01640625,0.03564814814814815
GP028294_0_frame(77).png,1,0.14557291666666666,0.48194444444444445,0.021875,0.03518518518518519
GP028294_0_frame(77).png,2,0.6338541666666667,0.5050925925925925,0.009895833333333333,0.033796296296296297
