image,label,x,y,width,height
GP028294_0_frame(87).png,1,0.7927083333333333,0.5314814814814814,0.04869791666666667,0.07407407407407407
GP028294_0_frame(87).png,2,0.7919270833333333,0.49907407407407406,0.0125,0.06481481481481481
