image,label,x,y,width,height
GP028294_0_frame(135).png,1,0.7015625,0.6444444444444445,0.31796875,0.3972222222222222
GP028294_0_frame(135).png,2,0.684375,0.5208333333333334,0.052083333333333336,0.3148148148148148
GP028294_0_frame(135).png,2,0.3807291666666667,0.5175925925925926,0.009114583333333334,0.03935185185185185
GP028294_0_frame(135).png,1,0.38307291666666665,0.5351851851851852,0.014583333333333334,0.04027777777777778
