image,label,x,y,width,height
GP028294_0_frame(38).png,1,0.4127604166666667,0.5537037037037037,0.055989583333333336,0.07731481481481481
GP028294_0_frame(38).png,2,0.14114583333333333,0.4898148148148148,0.011979166666666667,0.05787037037037037
GP028294_0_frame(38).png,1,0.1421875,0.5166666666666667,0.015885416666666666,0.04861111111111111
GP028294_0_frame(38).png,2,0.4109375,0.5171296296296296,0.009635416666666667,0.06805555555555555
