image,label,x,y,width,height
GP028294_0_frame(139).png,1,0.6734375,0.687962962962963,0.2669270833333333,0.33287037037037037
GP028294_0_frame(139).png,2,0.6861979166666666,0.5208333333333334,0.05546875,0.31574074074074077
