image,label,x,y,width,height
GP028294_0_frame(156).png,1,0.37864583333333335,0.5347222222222222,0.01875,0.0412037037037037
GP028294_0_frame(156).png,2,0.37916666666666665,0.5162037037037037,0.008072916666666667,0.03888888888888889
