image,label,x,y,width,height
GP028294_0_frame(170).png,1,0.30833333333333335,0.5504629629629629,0.025,0.060648148148148145
GP028294_0_frame(170).png,2,0.31015625,0.5212962962962963,0.013020833333333334,0.05787037037037037
