image,label,x,y,width,height
GP028294_0_frame(166).png,1,0.7359375,0.6800925925925926,0.278125,0.3972222222222222
GP028294_0_frame(166).png,2,0.7518229166666667,0.5342592592592592,0.06796875,0.37175925925925923
