image,label,x,y,width,height
GP028294_0_frame(11).png,2,0.5096354166666667,0.5115740740740741,0.014583333333333334,0.05648148148148148
GP028294_0_frame(11).png,1,0.14817708333333332,0.5009259259259259,0.030208333333333334,0.05787037037037037
GP028294_0_frame(11).png,1,0.5106770833333333,0.5361111111111111,0.015625,0.06157407407407407
