image,label,x,y,width,height
GP028294_0_frame(112).png,2,0.5088541666666667,0.5120370370370371,0.012760416666666666,0.052314814814814814
GP028294_0_frame(112).png,1,0.16588541666666667,0.5050925925925925,0.020833333333333332,0.05138888888888889
GP028294_0_frame(112).png,1,0.5096354166666667,0.5356481481481481,0.012239583333333333,0.058333333333333334
GP028294_0_frame(112).png,2,0.16640625,0.48055555555555557,0.010677083333333334,0.041666666666666664
