image,label,x,y,width,height
GP028294_0_frame(105).png,1,0.3640625,0.5527777777777778,0.028645833333333332,0.06435185185185185
GP028294_0_frame(105).png,2,0.35989583333333336,0.5199074074074074,0.011197916666666667,0.05694444444444444
