image,label,x,y,width,height
GP028294_0_frame(35).png,1,0.6221354166666667,0.5231481481481481,0.011458333333333333,0.033796296296296297
GP028294_0_frame(35).png,2,0.6208333333333333,0.5064814814814815,0.0078125,0.03425925925925926
