image,label,x,y,width,height
GP028294_0_frame(56).png,1,0.42265625,0.5453703703703704,0.0484375,0.060648148148148145
GP028294_0_frame(56).png,2,0.41796875,0.5175925925925926,0.009895833333333333,0.05462962962962963
