image,label,x,y,width,height
GP028294_0_frame(118).png,1,0.571875,0.6296296296296297,0.0953125,0.28425925925925927
GP028294_0_frame(118).png,2,0.5520833333333334,0.5143518518518518,0.04895833333333333,0.22453703703703703
