image,label,x,y,width,height
GP028294_0_frame(127).png,1,0.69609375,0.6754629629629629,0.32317708333333334,0.4009259259259259
GP028294_0_frame(127).png,2,0.6479166666666667,0.5296296296296297,0.058854166666666666,0.35
