image,label,x,y,width,height
GP028294_0_frame(61).png,2,0.38046875,0.5166666666666667,0.00859375,0.03611111111111111
GP028294_0_frame(61).png,1,0.38177083333333334,0.5351851851851852,0.012239583333333333,0.038425925925925926
