image,label,x,y,width,height
GP028294_0_frame(124).png,1,0.690625,0.6884259259259259,0.2942708333333333,0.37592592592592594
GP028294_0_frame(124).png,2,0.6486979166666667,0.5259259259259259,0.055989583333333336,0.3402777777777778
