image,label,x,y,width,height
GP028294_0_frame(10).png,2,0.5106770833333333,0.5138888888888888,0.014583333333333334,0.055092592592592596
GP028294_0_frame(10).png,1,0.15833333333333333,0.5050925925925925,0.0265625,0.053703703703703705
GP028294_0_frame(10).png,1,0.5111979166666667,0.5388888888888889,0.0140625,0.05740740740740741
