image,label,x,y,width,height
GP028294_0_frame(26).png,1,0.6346354166666667,0.5222222222222223,0.017447916666666667,0.03564814814814815
GP028294_0_frame(26).png,2,0.63359375,0.5041666666666667,0.009375,0.032407407407407406
GP028294_0_frame(26).png,1,0.15182291666666667,0.48564814814814816,0.019791666666666666,0.032407407407407406
