image,label,x,y,width,height
GP028294_0_frame(20).png,1,0.7276041666666667,0.5282407407407408,0.035416666666666666,0.06111111111111111
GP028294_0_frame(20).png,2,0.72265625,0.5013888888888889,0.008333333333333333,0.04814814814814815
