image,label,x,y,width,height
GP028294_0_frame(85).png,1,0.61484375,0.5300925925925926,0.03984375,0.049074074074074076
GP028294_0_frame(85).png,1,0.12395833333333334,0.48564814814814816,0.03177083333333333,0.04351851851851852
GP028294_0_frame(85).png,2,0.6169270833333333,0.5055555555555555,0.007552083333333333,0.050462962962962966
