image,label,x,y,width,height
GP028294_0_frame(19).png,1,0.8041666666666667,0.5333333333333333,0.05,0.08472222222222223
GP028294_0_frame(19).png,2,0.7981770833333334,0.4962962962962963,0.016145833333333335,0.07453703703703704
