image,label,x,y,width,height
GP028294_0_frame(154).png,1,0.40989583333333335,0.5486111111111112,0.04869791666666667,0.06157407407407407
GP028294_0_frame(154).png,2,0.4044270833333333,0.5203703703703704,0.009375,0.05324074074074074
