image,label,x,y,width,height
GP028294_0_frame(145).png,1,0.6606770833333333,0.6606481481481481,0.28203125,0.37407407407407406
GP028294_0_frame(145).png,1,0.25078125,0.5819444444444445,0.09791666666666667,0.11527777777777778
GP028294_0_frame(145).png,2,0.2515625,0.5296296296296297,0.018489583333333334,0.10462962962962963
GP028294_0_frame(145).png,2,0.6955729166666667,0.5226851851851851,0.05651041666666667,0.3087962962962963
