image,label,x,y,width,height
GP028294_0_frame(95).png,1,0.3690104166666667,0.5393518518518519,0.01484375,0.03888888888888889
GP028294_0_frame(95).png,2,0.36770833333333336,0.5194444444444445,0.008854166666666666,0.040740740740740744
