image,label,x,y,width,height
GP028294_0_frame(21).png,1,0.6390625,0.5324074074074074,0.04375,0.04675925925925926
GP028294_0_frame(21).png,2,0.6369791666666667,0.5087962962962963,0.0078125,0.04490740740740741
