image,label,x,y,width,height
GP028294_0_frame(76).png,1,0.6697916666666667,0.525,0.01875,0.04212962962962963
GP028294_0_frame(76).png,2,0.66796875,0.5041666666666667,0.01171875,0.043055555555555555
