image,label,x,y,width,height
GP028294_0_frame(5).png,1,0.3692708333333333,0.5365740740740741,0.0140625,0.043055555555555555
GP028294_0_frame(5).png,2,0.3690104166666667,0.5166666666666667,0.009375,0.03935185185185185
