image,label,x,y,width,height
GP028294_0_frame(86).png,1,0.7125,0.5254629629629629,0.03854166666666667,0.05740740740740741
GP028294_0_frame(86).png,2,0.7096354166666666,0.5023148148148148,0.009635416666666667,0.04861111111111111
