image,label,x,y,width,height
GP028294_0_frame(12).png,2,0.509375,0.5111111111111111,0.01484375,0.05648148148148148
GP028294_0_frame(12).png,1,0.14921875,0.5013888888888889,0.02578125,0.056018518518518516
GP028294_0_frame(12).png,1,0.5106770833333333,0.5361111111111111,0.015104166666666667,0.06296296296296296
GP028294_0_frame(12).png,2,0.14869791666666668,0.47824074074074074,0.0109375,0.04583333333333333
