image,label,x,y,width,height
GP028294_0_frame(133).png,1,0.6861979166666666,0.6569444444444444,0.27317708333333335,0.37916666666666665
GP028294_0_frame(133).png,2,0.6854166666666667,0.5222222222222223,0.059895833333333336,0.31666666666666665
GP028294_0_frame(133).png,2,0.334375,0.5217592592592593,0.0125,0.05648148148148148
GP028294_0_frame(133).png,1,0.3346354166666667,0.5481481481481482,0.015104166666666667,0.052314814814814814
