image,label,x,y,width,height
GP028294_0_frame(162).png,1,0.7390625,0.5263888888888889,0.029427083333333333,0.06481481481481481
GP028294_0_frame(162).png,2,0.73828125,0.5009259259259259,0.011197916666666667,0.05648148148148148
