image,label,x,y,width,height
GP028294_0_frame(103).png,1,0.65078125,0.5486111111111112,0.07265625,0.08148148148148149
GP028294_0_frame(103).png,2,0.6481770833333333,0.5060185185185185,0.012760416666666666,0.07546296296296297
