image,label,x,y,width,height
GP028294_0_frame(25).png,1,0.665625,0.524537037037037,0.018489583333333334,0.044444444444444446
GP028294_0_frame(25).png,2,0.6625,0.5027777777777778,0.01015625,0.040740740740740744
