image,label,x,y,width,height
GP028294_0_frame(104).png,1,0.47734375,0.5537037037037037,0.08046875,0.08333333333333333
GP028294_0_frame(104).png,2,0.46927083333333336,0.5120370370370371,0.014322916666666666,0.07824074074074074
