image,label,x,y,width,height
GP028294_0_frame(57).png,1,0.37109375,0.5486111111111112,0.0421875,0.05555555555555555
GP028294_0_frame(57).png,2,0.36302083333333335,0.5212962962962963,0.009635416666666667,0.049074074074074076
