image,label,x,y,width,height
GP028294_0_frame(74).png,2,0.7494791666666667,0.5009259259259259,0.01640625,0.06712962962962964
GP028294_0_frame(74).png,1,0.753125,0.5370370370370371,0.020833333333333332,0.07546296296296297
