image,label,x,y,width,height
GP028294_0_frame(144).png,1,0.6583333333333333,0.6675925925925926,0.21458333333333332,0.3574074074074074
GP028294_0_frame(144).png,2,0.4700520833333333,0.5120370370370371,0.013020833333333334,0.08101851851851852
GP028294_0_frame(144).png,1,0.4700520833333333,0.5555555555555556,0.07526041666666666,0.09537037037037037
GP028294_0_frame(144).png,2,0.6872395833333333,0.5254629629629629,0.06067708333333333,0.3060185185185185
