image,label,x,y,width,height
GP028294_0_frame(92).png,1,0.10885416666666667,0.6342592592592593,0.0578125,0.24814814814814815
GP028294_0_frame(92).png,2,0.10546875,0.5375,0.05390625,0.2162037037037037
