image,label,x,y,width,height
GP028294_0_frame(111).png,2,0.5059895833333333,0.512962962962963,0.011197916666666667,0.0412037037037037
GP028294_0_frame(111).png,1,0.5067708333333333,0.5310185185185186,0.009895833333333333,0.04398148148148148
