image,label,x,y,width,height
GP028294_0_frame(44).png,1,0.9244791666666666,0.5416666666666666,0.0765625,0.1111111111111111
GP028294_0_frame(44).png,2,0.9197916666666667,0.4898148148148148,0.020052083333333335,0.1037037037037037
