image,label,x,y,width,height
GP028294_0_frame(177).png,2,0.52109375,0.5143518518518518,0.012239583333333333,0.04259259259259259
GP028294_0_frame(177).png,1,0.165625,0.5046296296296297,0.025,0.04861111111111111
GP028294_0_frame(177).png,1,0.5216145833333333,0.5351851851851852,0.011979166666666667,0.053703703703703705
