image,label,x,y,width,height
GP028294_0_frame(59).png,2,0.359375,0.5194444444444445,0.009895833333333333,0.04351851851851852
GP028294_0_frame(59).png,1,0.36041666666666666,0.5402777777777777,0.01484375,0.043055555555555555
