image,label,x,y,width,height
GP028294_0_frame(128).png,1,0.684375,0.6555555555555556,0.2796875,0.43194444444444446
GP028294_0_frame(128).png,2,0.6497395833333334,0.5185185185185185,0.05963541666666667,0.3449074074074074
