image,label,x,y,width,height
GP028294_0_frame(129).png,1,0.6880208333333333,0.649074074074074,0.3455729166666667,0.38796296296296295
GP028294_0_frame(129).png,1,0.9557291666666666,0.5606481481481481,0.07942708333333333,0.14444444444444443
GP028294_0_frame(129).png,2,0.6723958333333333,0.5189814814814815,0.05520833333333333,0.33611111111111114
GP028294_0_frame(129).png,2,0.97890625,0.4847222222222222,0.023958333333333335,0.13425925925925927
