image,label,x,y,width,height
GP028294_0_frame(102).png,2,0.7158854166666667,0.5055555555555555,0.014583333333333334,0.05694444444444444
GP028294_0_frame(102).png,1,0.71796875,0.5342592592592592,0.019010416666666665,0.0587962962962963
