image,label,x,y,width,height
GP028294_0_frame(138).png,1,0.6638020833333333,0.6777777777777778,0.31588541666666664,0.324537037037037
GP028294_0_frame(138).png,2,0.6841145833333333,0.5259259259259259,0.05755208333333333,0.3402777777777778
GP028294_0_frame(138).png,1,0.5455729166666666,0.5222222222222223,0.025,0.03333333333333333
