image,label,x,y,width,height
GP028294_0_frame(167).png,2,0.05182291666666667,0.5398148148148149,0.059375,0.2638888888888889
GP028294_0_frame(167).png,1,0.06927083333333334,0.6833333333333333,0.13723958333333333,0.29212962962962963
