image,label,x,y,width,height
GP028294_0_frame(169).png,1,0.23880208333333333,0.5671296296296297,0.043229166666666666,0.09444444444444444
GP028294_0_frame(169).png,2,0.24296875,0.5296296296296297,0.020052083333333335,0.07824074074074074
