image,label,x,y,width,height
GP028294_0_frame(123).png,1,0.6880208333333333,0.6402777777777777,0.2713541666666667,0.45555555555555555
GP028294_0_frame(123).png,2,0.6497395833333334,0.5273148148148148,0.05859375,0.3425925925925926
