image,label,x,y,width,height
GP028294_0_frame(147).png,1,0.15286458333333333,0.674537037037037,0.23385416666666667,0.34305555555555556
GP028294_0_frame(147).png,1,0.9140625,0.5902777777777778,0.1421875,0.22870370370370371
GP028294_0_frame(147).png,2,0.13255208333333332,0.5717592592592593,0.06197916666666667,0.2847222222222222
GP028294_0_frame(147).png,2,0.9216145833333333,0.49953703703703706,0.040364583333333336,0.19074074074074074
