image,label,x,y,width,height
GP028294_0_frame(48).png,1,0.6973958333333333,0.5328703703703703,0.05546875,0.05925925925925926
GP028294_0_frame(48).png,2,0.6947916666666667,0.5055555555555555,0.009375,0.056018518518518516
