image,label,x,y,width,height
GP028294_0_frame(140).png,1,0.6890625,0.6847222222222222,0.28411458333333334,0.31805555555555554
GP028294_0_frame(140).png,2,0.6908854166666667,0.5263888888888889,0.05286458333333333,0.32222222222222224
GP028294_0_frame(140).png,1,0.13932291666666666,0.4787037037037037,0.017708333333333333,0.0375
GP028294_0_frame(140).png,2,0.13958333333333334,0.46111111111111114,0.008854166666666666,0.03657407407407407
