image,label,x,y,width,height
GP028294_0_frame(47).png,1,0.7505208333333333,0.5328703703703703,0.0484375,0.06574074074074074
GP028294_0_frame(47).png,2,0.7479166666666667,0.5023148148148148,0.011979166666666667,0.060648148148148145
