image,label,x,y,width,height
GP028294_0_frame(132).png,1,0.6723958333333333,0.6527777777777778,0.25234375,0.38101851851851853
GP028294_0_frame(132).png,1,0.384375,0.5578703703703703,0.03671875,0.07314814814814814
GP028294_0_frame(132).png,2,0.6815104166666667,0.5222222222222223,0.053125,0.3111111111111111
GP028294_0_frame(132).png,1,0.14973958333333334,0.5162037037037037,0.05234375,0.046296296296296294
GP028294_0_frame(132).png,2,0.3768229166666667,0.5180555555555556,0.0125,0.05648148148148148
