image,label,x,y,width,height
GP028294_0_frame(164).png,1,0.9721354166666667,0.5481481481481482,0.05572916666666667,0.11157407407407408
GP028294_0_frame(164).png,2,0.9828125,0.48333333333333334,0.018489583333333334,0.11157407407407408
