image,label,x,y,width,height
GP028294_0_frame(119).png,1,0.6765625,0.6574074074074074,0.27395833333333336,0.4300925925925926
GP028294_0_frame(119).png,2,0.6505208333333333,0.5212962962962963,0.05703125,0.3300925925925926
