image,label,x,y,width,height
GP028294_0_frame(134).png,1,0.6986979166666667,0.6476851851851851,0.30755208333333334,0.39305555555555555
GP028294_0_frame(134).png,2,0.6856770833333333,0.524537037037037,0.05625,0.3212962962962963
GP028294_0_frame(134).png,1,0.35885416666666664,0.5398148148148149,0.015104166666666667,0.04537037037037037
GP028294_0_frame(134).png,2,0.3572916666666667,0.5189814814814815,0.009375,0.04259259259259259
