image,label,x,y,width,height
GP028294_0_frame(168).png,1,0.1015625,0.5953703703703703,0.08515625,0.14722222222222223
GP028294_0_frame(168).png,2,0.11015625,0.5324074074074074,0.0234375,0.1398148148148148
