image,label,x,y,width,height
GP028294_0_frame(68).png,1,0.7033854166666667,0.5236111111111111,0.02421875,0.053703703703703705
GP028294_0_frame(68).png,2,0.70234375,0.5037037037037037,0.010677083333333334,0.04722222222222222
