image,label,x,y,width,height
GP028294_0_frame(22).png,1,0.5796875,0.5324074074074074,0.026041666666666668,0.06620370370370371
GP028294_0_frame(22).png,2,0.5791666666666667,0.5083333333333333,0.01171875,0.05324074074074074
