image,label,x,y,width,height
GP028294_0_frame(110).png,1,0.5010416666666667,0.5287037037037037,0.013541666666666667,0.033796296296296297
GP028294_0_frame(110).png,2,0.50078125,0.512962962962963,0.013020833333333334,0.03611111111111111
