image,label,x,y,width,height
GP028294_0_frame(55).png,1,0.48489583333333336,0.5416666666666666,0.061197916666666664,0.06296296296296296
GP028294_0_frame(55).png,1,0.15911458333333334,0.5101851851851852,0.03671875,0.04537037037037037
GP028294_0_frame(55).png,2,0.48385416666666664,0.5138888888888888,0.008333333333333333,0.053703703703703705
