image,label,x,y,width,height
GP028294_0_frame(9).png,2,0.503125,0.5143518518518518,0.010416666666666666,0.040740740740740744
GP028294_0_frame(9).png,1,0.50390625,0.5328703703703703,0.010677083333333334,0.04212962962962963
