image,label,x,y,width,height
GP028294_0_frame(115).png,2,0.5453125,0.5074074074074074,0.03125,0.13518518518518519
GP028294_0_frame(115).png,1,0.5463541666666667,0.575,0.050520833333333334,0.15694444444444444
