image,label,x,y,width,height
GP028294_0_frame(2).png,1,0.2518229166666667,0.5675925925925925,0.028645833333333332,0.09537037037037037
GP028294_0_frame(2).png,2,0.25364583333333335,0.5254629629629629,0.01953125,0.09212962962962963
GP028294_0_frame(2).png,1,0.16822916666666668,0.5143518518518518,0.017708333333333333,0.04351851851851852
GP028294_0_frame(2).png,2,0.16744791666666667,0.4898148148148148,0.010416666666666666,0.050462962962962966
