image,label,x,y,width,height
GP028294_0_frame(155).png,2,0.35078125,0.5217592592592593,0.010416666666666666,0.04722222222222222
GP028294_0_frame(155).png,1,0.3515625,0.5435185185185185,0.01640625,0.047685185185185185
