image,label,x,y,width,height
GP028294_0_frame(161).png,1,0.6846354166666667,0.5226851851851851,0.020572916666666666,0.04722222222222222
GP028294_0_frame(161).png,2,0.6848958333333334,0.5018518518518519,0.009895833333333333,0.04212962962962963
