image,label,x,y,width,height
GP028294_0_frame(148).png,1,0.8018229166666667,0.6675925925925926,0.21119791666666668,0.36574074074074076
GP028294_0_frame(148).png,2,0.8479166666666667,0.5398148148148149,0.07786458333333333,0.3
GP028294_0_frame(148).png,1,0.9841145833333333,0.5847222222222223,0.0296875,0.14537037037037037
