image,label,x,y,width,height
GP028294_0_frame(24).png,1,0.70078125,0.5268518518518519,0.01796875,0.05
GP028294_0_frame(24).png,2,0.6989583333333333,0.5023148148148148,0.013020833333333334,0.049074074074074076
