image,label,x,y,width,height
GP028294_0_frame(82).png,2,0.4049479166666667,0.5162037037037037,0.008333333333333333,0.034722222222222224
GP028294_0_frame(82).png,1,0.4044270833333333,0.5319444444444444,0.01328125,0.03796296296296296
