image,label,x,y,width,height
GP028294_0_frame(73).png,2,0.7427083333333333,0.5032407407407408,0.026041666666666668,0.09444444444444444
GP028294_0_frame(73).png,1,0.74453125,0.5513888888888889,0.027604166666666666,0.11018518518518519
