image,label,x,y,width,height
GP028294_0_frame(37).png,2,0.14739583333333334,0.48194444444444445,0.009375,0.04583333333333333
GP028294_0_frame(37).png,1,0.5328125,0.5351851851851852,0.03359375,0.05925925925925926
GP028294_0_frame(37).png,2,0.53203125,0.5092592592592593,0.010416666666666666,0.05277777777777778
GP028294_0_frame(37).png,1,0.14791666666666667,0.5037037037037037,0.011458333333333333,0.046296296296296294
