image,label,x,y,width,height
GP028294_0_frame(160).png,1,0.6453125,0.5231481481481481,0.019791666666666666,0.04027777777777778
GP028294_0_frame(160).png,2,0.6440104166666667,0.5032407407407408,0.009375,0.03796296296296296
GP028294_0_frame(160).png,1,0.12942708333333333,0.4777777777777778,0.022395833333333334,0.03564814814814815
