image,label,x,y,width,height
GP028294_0_frame(125).png,1,0.6973958333333333,0.6796296296296296,0.31953125,0.39351851851851855
GP028294_0_frame(125).png,2,0.6486979166666667,0.5324074074074074,0.05911458333333333,0.3384259259259259
