image,label,x,y,width,height
GP028294_0_frame(151).png,1,0.78125,0.5328703703703703,0.05651041666666667,0.07268518518518519
GP028294_0_frame(151).png,2,0.7760416666666666,0.5018518518518519,0.011458333333333333,0.06666666666666667
