image,label,x,y,width,height
GP028294_0_frame(152).png,1,0.6609375,0.5365740740740741,0.05286458333333333,0.06481481481481481
GP028294_0_frame(152).png,2,0.6588541666666666,0.5074074074074074,0.008072916666666667,0.05740740740740741
