image,label,x,y,width,height
GP028294_0_frame(75).png,1,0.7119791666666667,0.5263888888888889,0.023697916666666666,0.055092592592592596
GP028294_0_frame(75).png,2,0.7078125,0.5013888888888889,0.011458333333333333,0.049074074074074076
