image,label,x,y,width,height
GP028294_0_frame(16).png,1,0.78828125,0.6537037037037037,0.25755208333333335,0.29259259259259257
GP028294_0_frame(16).png,2,0.809375,0.5282407407407408,0.055989583333333336,0.2518518518518518
