image,label,x,y,width,height
GP028294_0_frame(60).png,1,0.36875,0.5361111111111111,0.01328125,0.0412037037037037
GP028294_0_frame(60).png,2,0.3690104166666667,0.5171296296296296,0.009114583333333334,0.03888888888888889
