image,label,x,y,width,height
GP028294_0_frame(146).png,1,0.7927083333333333,0.6273148148148148,0.18359375,0.3
GP028294_0_frame(146).png,2,0.82734375,0.5050925925925925,0.052083333333333336,0.2337962962962963
GP028294_0_frame(146).png,1,0.032552083333333336,0.6268518518518519,0.06510416666666667,0.17314814814814813
GP028294_0_frame(146).png,2,0.027864583333333335,0.5449074074074074,0.027604166666666666,0.1597222222222222
