image,label,x,y,width,height
GP028294_0_frame(66).png,1,0.6265625,0.5226851851851851,0.0125,0.03333333333333333
GP028294_0_frame(66).png,2,0.6265625,0.5069444444444444,0.008333333333333333,0.032407407407407406
GP028294_0_frame(66).png,1,0.16015625,0.48703703703703705,0.020833333333333332,0.03009259259259259
