image,label,x,y,width,height
GP028294_0_frame(122).png,1,0.6502604166666667,0.6416666666666667,0.21744791666666666,0.44212962962962965
GP028294_0_frame(122).png,2,0.65,0.5152777777777777,0.054427083333333334,0.32037037037037036
