image,label,x,y,width,height
GP028294_0_frame(1).png,1,0.36223958333333334,0.5958333333333333,0.10104166666666667,0.12916666666666668
GP028294_0_frame(1).png,2,0.3533854166666667,0.5277777777777778,0.022135416666666668,0.12037037037037036
