image,label,x,y,width,height
GP028294_0_frame(101).png,1,0.68984375,0.5254629629629629,0.0203125,0.04861111111111111
GP028294_0_frame(101).png,2,0.68828125,0.5013888888888889,0.010677083333333334,0.04583333333333333
