image,label,x,y,width,height
GP028294_0_frame(175).png,1,0.5033854166666667,0.5296296296296297,0.0140625,0.037037037037037035
GP028294_0_frame(175).png,2,0.5020833333333333,0.5125,0.011197916666666667,0.03518518518518519
