image,label,x,y,width,height
GP028294_0_frame(94).png,1,0.3078125,0.5467592592592593,0.03046875,0.06527777777777778
GP028294_0_frame(94).png,2,0.31145833333333334,0.5175925925925926,0.014322916666666666,0.06111111111111111
