image,label,x,y,width,height
GP028294_0_frame(46).png,1,0.80078125,0.5333333333333333,0.05,0.07777777777777778
GP028294_0_frame(46).png,2,0.79453125,0.500462962962963,0.014583333333333334,0.07222222222222222
