image,label,x,y,width,height
GP028294_0_frame(18).png,1,0.9309895833333334,0.5453703703703704,0.07682291666666667,0.10833333333333334
GP028294_0_frame(18).png,2,0.9239583333333333,0.4898148148148148,0.021354166666666667,0.10277777777777777
