image,label,x,y,width,height
GP028294_0_frame(176).png,2,0.51640625,0.5148148148148148,0.00859375,0.03611111111111111
GP028294_0_frame(176).png,1,0.5171875,0.5305555555555556,0.0078125,0.038425925925925926
