image,label,x,y,width,height
GP028294_0_frame(113).png,2,0.51640625,0.5101851851851852,0.019010416666666665,0.06851851851851852
GP028294_0_frame(113).png,1,0.5174479166666667,0.5449074074074074,0.017708333333333333,0.07824074074074074
