image,label,x,y,width,height
GP028294_0_frame(72).png,1,0.8580729166666666,0.5912037037037037,0.14114583333333333,0.16203703703703703
GP028294_0_frame(72).png,2,0.840625,0.49953703703703706,0.028125,0.14629629629629629
