image,label,x,y,width,height
GP028294_0_frame(116).png,2,0.5458333333333333,0.5055555555555555,0.029166666666666667,0.13287037037037036
GP028294_0_frame(116).png,1,0.5481770833333334,0.5712962962962963,0.04895833333333333,0.1648148148148148
