image,label,x,y,width,height
GP028294_0_frame(70).png,1,0.8674479166666667,0.5291666666666667,0.06432291666666666,0.1050925925925926
GP028294_0_frame(70).png,2,0.86796875,0.49074074074074076,0.014322916666666666,0.0837962962962963
