image,label,x,y,width,height
GP028294_0_frame(114).png,2,0.5330729166666667,0.5120370370370371,0.029166666666666667,0.11018518518518519
GP028294_0_frame(114).png,1,0.5341145833333333,0.5611111111111111,0.0296875,0.11898148148148148
