image,label,x,y,width,height
GP028294_0_frame(88).png,1,0.9158854166666667,0.5375,0.05260416666666667,0.11712962962962963
GP028294_0_frame(88).png,2,0.9158854166666667,0.487962962962963,0.021875,0.08842592592592592
