image,label,x,y,width,height
GP028294_0_frame(100).png,2,0.6484375,0.5074074074074074,0.009375,0.038425925925925926
GP028294_0_frame(100).png,1,0.6489583333333333,0.5259259259259259,0.013802083333333333,0.03935185185185185
GP028294_0_frame(100).png,1,0.12604166666666666,0.47685185185185186,0.01953125,0.03611111111111111
