image,label,x,y,width,height
GP028294_0_frame(163).png,1,0.82890625,0.5333333333333333,0.05078125,0.08194444444444444
GP028294_0_frame(163).png,2,0.8278645833333333,0.49722222222222223,0.01328125,0.07546296296296297
