image,label,x,y,width,height
GP028294_0_frame(52).png,1,0.5677083333333334,0.5370370370370371,0.050520833333333334,0.06388888888888888
GP028294_0_frame(52).png,2,0.5682291666666667,0.5069444444444444,0.009895833333333333,0.05787037037037037
GP028294_0_frame(52).png,1,0.11744791666666667,0.487962962962963,0.020572916666666666,0.04861111111111111
