image,label,x,y,width,height
GP028294_0_frame(149).png,1,0.9713541666666666,0.5819444444444445,0.03723958333333333,0.15601851851851853
GP028294_0_frame(149).png,2,0.96484375,0.4925925925925926,0.03515625,0.1375
