image,label,x,y,width,height
GP028294_0_frame(171).png,1,0.3502604166666667,0.5393518518518519,0.020572916666666666,0.046296296296296294
GP028294_0_frame(171).png,2,0.3494791666666667,0.5171296296296296,0.010416666666666666,0.044444444444444446
