image,label,x,y,width,height
GP028294_0_frame(58).png,2,0.34921875,0.5189814814814815,0.011197916666666667,0.04953703703703704
GP028294_0_frame(58).png,1,0.35104166666666664,0.5421296296296296,0.0140625,0.04351851851851852
