image,label,x,y,width,height
GP028294_0_frame(120).png,1,0.6817708333333333,0.6601851851851852,0.3033854166666667,0.4013888888888889
GP028294_0_frame(120).png,2,0.64609375,0.5231481481481481,0.058333333333333334,0.34444444444444444
