image,label,x,y,width,height
GP028294_0_frame(62).png,1,0.39114583333333336,0.5337962962962963,0.013541666666666667,0.03564814814814815
GP028294_0_frame(62).png,2,0.39114583333333336,0.5157407407407407,0.00859375,0.03564814814814815
