image,label,x,y,width,height
GP028294_0_frame(178).png,2,0.521875,0.5106481481481482,0.014322916666666666,0.06018518518518518
GP028294_0_frame(178).png,1,0.13255208333333332,0.4962962962962963,0.025520833333333333,0.05787037037037037
GP028294_0_frame(178).png,1,0.5229166666666667,0.537962962962963,0.01484375,0.06435185185185185
GP028294_0_frame(178).png,2,0.13098958333333333,0.475462962962963,0.010416666666666666,0.04398148148148148
