image,label,x,y,width,height
GP028294_0_frame(36).png,1,0.5971354166666667,0.5254629629629629,0.014322916666666666,0.04398148148148148
GP028294_0_frame(36).png,2,0.59609375,0.5069444444444444,0.009895833333333333,0.03888888888888889
GP028294_0_frame(36).png,1,0.15286458333333333,0.49166666666666664,0.009635416666666667,0.03518518518518519
GP028294_0_frame(36).png,2,0.15286458333333333,0.47453703703703703,0.007291666666666667,0.03796296296296296
