image,label,x,y,width,height
GP028294_0_frame(121).png,1,0.6677083333333333,0.6564814814814814,0.33541666666666664,0.42407407407407405
GP028294_0_frame(121).png,2,0.6453125,0.5254629629629629,0.057291666666666664,0.36064814814814816
