image,label,x,y,width,height
GP028294_0_frame(23).png,1,0.67421875,0.5393518518518519,0.05182291666666667,0.06712962962962964
GP028294_0_frame(23).png,2,0.67890625,0.5055555555555555,0.011979166666666667,0.05925925925925926
