image,label,x,y,width,height
GP028294_0_frame(51).png,1,0.5411458333333333,0.537962962962963,0.05390625,0.0625
GP028294_0_frame(51).png,2,0.54140625,0.5101851851851852,0.008854166666666666,0.058333333333333334
GP028294_0_frame(51).png,1,0.12734375,0.4949074074074074,0.030208333333333334,0.052314814814814814
