image,label,x,y,width,height
GP028294_0_frame(90).png,1,0.80703125,0.6486111111111111,0.2515625,0.3314814814814815
GP028294_0_frame(90).png,2,0.8244791666666667,0.5125,0.06484375,0.3143518518518518
