image,label,x,y,width,height
GP038291_0_frame(29).png,1,0.33307291666666666,0.5319444444444444,0.01484375,0.0412037037037037
GP038291_0_frame(29).png,2,0.3328125,0.5101851851851852,0.009375,0.0412037037037037
