image,label,x,y,width,height
GP038291_0_frame(9).png,1,0.7614583333333333,0.5537037037037037,0.04609375,0.08564814814814815
GP038291_0_frame(9).png,1,0.17890625,0.5777777777777777,0.030989583333333334,0.12314814814814815
GP038291_0_frame(9).png,2,0.175,0.512962962962963,0.030729166666666665,0.10648148148148148
GP038291_0_frame(9).png,2,0.7552083333333334,0.5166666666666667,0.0171875,0.07546296296296297
