image,label,x,y,width,height
GP038291_0_frame(45).png,1,0.8536458333333333,0.5537037037037037,0.0625,0.0962962962962963
GP038291_0_frame(45).png,2,0.8479166666666667,0.513425925925926,0.01875,0.08333333333333333
