image,label,x,y,width,height
GP038291_0_frame(28).png,1,0.30078125,0.5342592592592592,0.020572916666666666,0.05138888888888889
GP038291_0_frame(28).png,2,0.30078125,0.5097222222222222,0.01171875,0.052314814814814814
