image,label,x,y,width,height
GP038291_0_frame(11).png,1,0.2328125,0.5458333333333333,0.0625,0.08842592592592592
GP038291_0_frame(11).png,1,0.6346354166666667,0.55,0.04583333333333333,0.07407407407407407
GP038291_0_frame(11).png,2,0.6322916666666667,0.5143518518518518,0.013541666666666667,0.062037037037037036
GP038291_0_frame(11).png,2,0.23489583333333333,0.5101851851851852,0.013802083333333333,0.07824074074074074
