image,label,x,y,width,height
GP038291_0_frame(22).png,1,0.9611979166666667,0.6027777777777777,0.04479166666666667,0.18101851851851852
GP038291_0_frame(22).png,2,0.9614583333333333,0.5231481481481481,0.040625,0.14166666666666666
