image,label,x,y,width,height
GP038291_0_frame(47).png,1,0.6817708333333333,0.5375,0.03046875,0.052314814814814814
GP038291_0_frame(47).png,2,0.6786458333333333,0.5143518518518518,0.010677083333333334,0.05277777777777778
