image,label,x,y,width,height
GP038291_0_frame(104).png,1,0.82421875,0.5513888888888889,0.06536458333333334,0.0912037037037037
GP038291_0_frame(104).png,2,0.8263020833333333,0.5152777777777777,0.013541666666666667,0.07546296296296297
