image,label,x,y,width,height
GP038291_0_frame(68).png,1,0.05078125,0.611574074074074,0.1015625,0.31527777777777777
GP038291_0_frame(68).png,2,0.021354166666666667,0.500462962962963,0.042708333333333334,0.22083333333333333
