image,label,x,y,width,height
GP038291_0_frame(78).png,1,0.5729166666666666,0.5388888888888889,0.052083333333333336,0.05416666666666667
GP038291_0_frame(78).png,2,0.5716145833333334,0.5157407407407407,0.0078125,0.04722222222222222
