image,label,x,y,width,height
GP038291_0_frame(30).png,1,0.35703125,0.524537037037037,0.013802083333333333,0.03287037037037037
GP038291_0_frame(30).png,2,0.3567708333333333,0.5074074074074074,0.0078125,0.031018518518518518
