image,label,x,y,width,height
GP038291_0_frame(40).png,2,0.5049479166666667,0.5115740740740741,0.015885416666666666,0.06157407407407407
GP038291_0_frame(40).png,1,0.5052083333333334,0.5425925925925926,0.02109375,0.07361111111111111
