image,label,x,y,width,height
GP038291_0_frame(69).png,1,0.57265625,0.6972222222222222,0.37526041666666665,0.38935185185185184
GP038291_0_frame(69).png,2,0.6111979166666667,0.5657407407407408,0.07994791666666666,0.35555555555555557
