image,label,x,y,width,height
GP038291_0_frame(5).png,1,0.6190104166666667,0.6398148148148148,0.18229166666666666,0.27546296296296297
GP038291_0_frame(5).png,1,0.7455729166666667,0.6055555555555555,0.11432291666666666,0.17314814814814813
GP038291_0_frame(5).png,2,0.7369791666666666,0.5212962962962963,0.029427083333333333,0.16712962962962963
GP038291_0_frame(5).png,2,0.6692708333333334,0.5375,0.058333333333333334,0.2638888888888889
