image,label,x,y,width,height
GP038291_0_frame(54).png,1,0.6109375,0.5291666666666667,0.015364583333333333,0.037037037037037035
GP038291_0_frame(54).png,2,0.609375,0.5111111111111111,0.008854166666666666,0.034722222222222224
