image,label,x,y,width,height
GP038291_0_frame(93).png,1,0.31979166666666664,0.5287037037037037,0.0171875,0.04953703703703704
GP038291_0_frame(93).png,2,0.31953125,0.5078703703703704,0.010677083333333334,0.04583333333333333
