image,label,x,y,width,height
GP038291_0_frame(90).png,1,0.41484375,0.5416666666666666,0.05,0.055092592592592596
GP038291_0_frame(90).png,2,0.41328125,0.5143518518518518,0.008854166666666666,0.04675925925925926
