image,label,x,y,width,height
GP038291_0_frame(18).png,1,0.69453125,0.5486111111111112,0.06510416666666667,0.08425925925925926
GP038291_0_frame(18).png,2,0.6924479166666667,0.5166666666666667,0.01328125,0.07037037037037037
