image,label,x,y,width,height
GP038291_0_frame(8).png,1,0.22395833333333334,0.5861111111111111,0.07421875,0.17685185185185184
GP038291_0_frame(8).png,1,0.8106770833333333,0.5675925925925925,0.04895833333333333,0.11018518518518519
GP038291_0_frame(8).png,2,0.8026041666666667,0.5199074074074074,0.020572916666666666,0.08935185185185185
GP038291_0_frame(8).png,2,0.21536458333333333,0.5074074074074074,0.03515625,0.14351851851851852
