image,label,x,y,width,height
GP038291_0_frame(88).png,1,0.5315104166666667,0.5416666666666666,0.05416666666666667,0.05648148148148148
GP038291_0_frame(88).png,2,0.53125,0.5125,0.008854166666666666,0.05324074074074074
