image,label,x,y,width,height
GP038291_0_frame(17).png,1,0.6216145833333333,0.549074074074074,0.06197916666666667,0.07314814814814814
GP038291_0_frame(17).png,2,0.6239583333333333,0.5162037037037037,0.009635416666666667,0.06574074074074074
