image,label,x,y,width,height
GP038291_0_frame(7).png,1,0.3619791666666667,0.6078703703703704,0.1546875,0.1925925925925926
GP038291_0_frame(7).png,1,0.84765625,0.5879629629629629,0.040364583333333336,0.14583333333333334
GP038291_0_frame(7).png,2,0.8421875,0.5069444444444444,0.03046875,0.12361111111111112
GP038291_0_frame(7).png,2,0.3502604166666667,0.5277777777777778,0.030729166666666665,0.15925925925925927
