image,label,x,y,width,height
GP038291_0_frame(76).png,1,0.68203125,0.5388888888888889,0.05182291666666667,0.055092592592592596
GP038291_0_frame(76).png,2,0.6815104166666667,0.5143518518518518,0.008854166666666666,0.05185185185185185
