image,label,x,y,width,height
GP038291_0_frame(37).png,2,0.49244791666666665,0.5120370370370371,0.013020833333333334,0.04722222222222222
GP038291_0_frame(37).png,1,0.49322916666666666,0.5361111111111111,0.013020833333333334,0.062037037037037036
GP038291_0_frame(37).png,1,0.11119791666666666,0.475,0.02421875,0.05925925925925926
