image,label,x,y,width,height
GP038291_0_frame(91).png,1,0.36041666666666666,0.5388888888888889,0.048177083333333336,0.056018518518518516
GP038291_0_frame(91).png,2,0.35598958333333336,0.5125,0.010416666666666666,0.053703703703703705
