image,label,x,y,width,height
GP038291_0_frame(67).png,1,0.0640625,0.5745370370370371,0.08723958333333333,0.13333333333333333
GP038291_0_frame(67).png,2,0.0609375,0.5050925925925925,0.022916666666666665,0.1287037037037037
