image,label,x,y,width,height
GP038291_0_frame(42).png,1,0.5677083333333334,0.6018518518518519,0.11015625,0.2162037037037037
GP038291_0_frame(42).png,2,0.5575520833333333,0.5171296296296296,0.03515625,0.16342592592592592
