image,label,x,y,width,height
GP038291_0_frame(33).png,2,0.48671875,0.512962962962963,0.00859375,0.03425925925925926
GP038291_0_frame(33).png,1,0.48723958333333334,0.5282407407407408,0.008072916666666667,0.03888888888888889
