image,label,x,y,width,height
GP038291_0_frame(41).png,1,0.525,0.5574074074074075,0.0265625,0.10185185185185185
GP038291_0_frame(41).png,2,0.5239583333333333,0.5101851851851852,0.024479166666666666,0.09074074074074075
