image,label,x,y,width,height
GP038291_0_frame(20).png,1,0.8309895833333333,0.562962962962963,0.08020833333333334,0.09861111111111111
GP038291_0_frame(20).png,2,0.8315104166666667,0.5143518518518518,0.01875,0.09027777777777778
