image,label,x,y,width,height
GP038291_0_frame(12).png,1,0.6346354166666667,0.5509259259259259,0.053385416666666664,0.08888888888888889
GP038291_0_frame(12).png,1,0.28880208333333335,0.5476851851851852,0.0578125,0.07685185185185185
GP038291_0_frame(12).png,2,0.6255208333333333,0.512962962962963,0.01640625,0.06620370370370371
GP038291_0_frame(12).png,2,0.29375,0.513425925925926,0.0109375,0.06898148148148148
