image,label,x,y,width,height
GP038291_0_frame(34).png,2,0.48776041666666664,0.5138888888888888,0.010416666666666666,0.03796296296296296
GP038291_0_frame(34).png,1,0.48776041666666664,0.5328703703703703,0.009114583333333334,0.04814814814814815
