image,label,x,y,width,height
GP038291_0_frame(1).png,1,0.5802083333333333,0.6310185185185185,0.22916666666666666,0.34953703703703703
GP038291_0_frame(1).png,1,0.8065104166666667,0.5504629629629629,0.04739583333333333,0.08148148148148149
GP038291_0_frame(1).png,2,0.59140625,0.5162037037037037,0.05572916666666667,0.27824074074074073
GP038291_0_frame(1).png,2,0.8083333333333333,0.5143518518518518,0.0140625,0.07407407407407407
