image,label,x,y,width,height
GP038291_0_frame(23).png,1,0.7838541666666666,0.6643518518518519,0.21276041666666667,0.3189814814814815
GP038291_0_frame(23).png,2,0.7947916666666667,0.5421296296296296,0.055989583333333336,0.2675925925925926
