image,label,x,y,width,height
GP038291_0_frame(2).png,1,0.5713541666666667,0.6402777777777777,0.22161458333333334,0.3143518518518518
GP038291_0_frame(2).png,1,0.8526041666666667,0.5574074074074075,0.03333333333333333,0.10046296296296296
GP038291_0_frame(2).png,2,0.85390625,0.5125,0.021354166666666667,0.09166666666666666
GP038291_0_frame(2).png,2,0.5893229166666667,0.5208333333333334,0.05911458333333333,0.2847222222222222
