image,label,x,y,width,height
GP038291_0_frame(27).png,1,0.25442708333333336,0.5388888888888889,0.03697916666666667,0.07546296296296297
GP038291_0_frame(27).png,2,0.25338541666666664,0.5083333333333333,0.01640625,0.06435185185185185
