image,label,x,y,width,height
GP038291_0_frame(4).png,1,0.5776041666666667,0.6351851851851852,0.22369791666666666,0.32222222222222224
GP038291_0_frame(4).png,1,0.8388020833333333,0.5847222222222223,0.08307291666666666,0.1550925925925926
GP038291_0_frame(4).png,2,0.59140625,0.5226851851851851,0.0609375,0.26666666666666666
GP038291_0_frame(4).png,2,0.84375,0.5194444444444445,0.020052083333333335,0.11805555555555555
