image,label,x,y,width,height
GP038291_0_frame(66).png,1,0.23359375,0.5569444444444445,0.07890625,0.10092592592592593
GP038291_0_frame(66).png,2,0.2359375,0.5078703703703704,0.015625,0.08981481481481482
