image,label,x,y,width,height
GP038291_0_frame(35).png,2,0.49192708333333335,0.5120370370370371,0.011458333333333333,0.04814814814814815
GP038291_0_frame(35).png,1,0.49296875,0.5351851851851852,0.013020833333333334,0.05787037037037037
GP038291_0_frame(35).png,1,0.11875,0.4791666666666667,0.024739583333333332,0.05277777777777778
