image,label,x,y,width,height
GP038291_0_frame(86).png,1,0.54765625,0.5388888888888889,0.05234375,0.059722222222222225
GP038291_0_frame(86).png,2,0.546875,0.513425925925926,0.0067708333333333336,0.04722222222222222
