image,label,x,y,width,height
GP038291_0_frame(94).png,1,0.334375,0.5287037037037037,0.013802083333333333,0.043055555555555555
GP038291_0_frame(94).png,2,0.3341145833333333,0.5083333333333333,0.009114583333333334,0.038425925925925926
