image,label,x,y,width,height
GP038291_0_frame(21).png,1,0.9041666666666667,0.575,0.06380208333333333,0.1310185185185185
GP038291_0_frame(21).png,2,0.9046875,0.5162037037037037,0.024739583333333332,0.1111111111111111
