image,label,x,y,width,height
GP038291_0_frame(49).png,2,0.53125,0.5120370370370371,0.011197916666666667,0.041666666666666664
GP038291_0_frame(49).png,1,0.5309895833333333,0.5351851851851852,0.015104166666666667,0.05324074074074074
