image,label,x,y,width,height
GP038291_0_frame(15).png,1,0.9453125,0.5916666666666667,0.10911458333333333,0.15462962962962962
GP038291_0_frame(15).png,1,0.48802083333333335,0.5421296296296296,0.06145833333333333,0.06481481481481481
GP038291_0_frame(15).png,2,0.9528645833333333,0.5203703703703704,0.025260416666666667,0.13472222222222222
GP038291_0_frame(15).png,1,0.08828125,0.4791666666666667,0.0328125,0.056018518518518516
GP038291_0_frame(15).png,2,0.4901041666666667,0.5125,0.01015625,0.06111111111111111
