image,label,x,y,width,height
GP038291_0_frame(102).png,1,0.6580729166666667,0.5319444444444444,0.023697916666666666,0.04861111111111111
GP038291_0_frame(102).png,2,0.6578125,0.5097222222222222,0.011197916666666667,0.04398148148148148
