image,label,x,y,width,height
GP038291_0_frame(14).png,1,0.8171875,0.5763888888888888,0.0953125,0.12777777777777777
GP038291_0_frame(14).png,1,0.4203125,0.5425925925925926,0.061197916666666664,0.06435185185185185
GP038291_0_frame(14).png,1,0.12213541666666666,0.4888888888888889,0.03125,0.04398148148148148
GP038291_0_frame(14).png,2,0.8140625,0.5199074074074074,0.023697916666666666,0.1037037037037037
GP038291_0_frame(14).png,2,0.4236979166666667,0.5120370370370371,0.009375,0.053703703703703705
