image,label,x,y,width,height
GP038291_0_frame(72).png,1,0.88046875,0.5615740740740741,0.07161458333333333,0.10277777777777777
GP038291_0_frame(72).png,2,0.8755208333333333,0.5120370370370371,0.020833333333333332,0.08796296296296297
