image,label,x,y,width,height
GP038291_0_frame(64).png,1,0.5114583333333333,0.5356481481481481,0.026041666666666668,0.05648148148148148
GP038291_0_frame(64).png,2,0.10755208333333334,0.45601851851851855,0.00859375,0.043055555555555555
GP038291_0_frame(64).png,1,0.10859375,0.4773148148148148,0.010677083333333334,0.04814814814814815
GP038291_0_frame(64).png,2,0.5091145833333334,0.5120370370370371,0.009635416666666667,0.04814814814814815
