image,label,x,y,width,height
GP038291_0_frame(25).png,1,0.0328125,0.5819444444444445,0.065625,0.18935185185185185
GP038291_0_frame(25).png,2,0.03802083333333333,0.5125,0.03359375,0.14814814814814814
