image,label,x,y,width,height
GP038291_0_frame(52).png,1,0.6786458333333333,0.5351851851851852,0.024739583333333332,0.052314814814814814
GP038291_0_frame(52).png,2,0.67578125,0.513425925925926,0.011458333333333333,0.05
