image,label,x,y,width,height
GP038291_0_frame(62).png,1,0.59453125,0.5277777777777778,0.0109375,0.03287037037037037
GP038291_0_frame(62).png,2,0.5953125,0.5125,0.0078125,0.03148148148148148
