image,label,x,y,width,height
GP038291_0_frame(16).png,1,0.5502604166666667,0.5458333333333333,0.059895833333333336,0.06620370370370371
GP038291_0_frame(16).png,2,0.5552083333333333,0.5115740740740741,0.009114583333333334,0.058333333333333334
