image,label,x,y,width,height
GP038291_0_frame(53).png,1,0.63984375,0.5314814814814814,0.01875,0.04398148148148148
GP038291_0_frame(53).png,2,0.6385416666666667,0.5120370370370371,0.011458333333333333,0.038425925925925926
