image,label,x,y,width,height
GP038291_0_frame(65).png,1,0.4075520833333333,0.5449074074074074,0.0546875,0.07361111111111111
GP038291_0_frame(65).png,2,0.1015625,0.46111111111111114,0.011197916666666667,0.04814814814814815
GP038291_0_frame(65).png,1,0.10234375,0.48518518518518516,0.01328125,0.05462962962962963
GP038291_0_frame(65).png,2,0.40390625,0.512962962962963,0.009635416666666667,0.06018518518518518
