image,label,x,y,width,height
GP038291_0_frame(75).png,1,0.72421875,0.5416666666666666,0.0375,0.06851851851851852
GP038291_0_frame(75).png,2,0.7208333333333333,0.5138888888888888,0.01328125,0.05740740740740741
