image,label,x,y,width,height
GP038291_0_frame(103).png,1,0.71953125,0.5412037037037037,0.04583333333333333,0.062037037037037036
GP038291_0_frame(103).png,2,0.7208333333333333,0.513425925925926,0.010416666666666666,0.05787037037037037
