image,label,x,y,width,height
GP038291_0_frame(36).png,2,0.49244791666666665,0.5115740740740741,0.011979166666666667,0.04722222222222222
GP038291_0_frame(36).png,1,0.49322916666666666,0.5351851851851852,0.013020833333333334,0.058333333333333334
GP038291_0_frame(36).png,1,0.11276041666666667,0.47685185185185186,0.024739583333333332,0.056018518518518516
