image,label,x,y,width,height
GP038291_0_frame(3).png,1,0.5755208333333334,0.6407407407407407,0.22578125,0.33564814814814814
GP038291_0_frame(3).png,1,0.8692708333333333,0.5703703703703704,0.030208333333333334,0.12453703703703704
GP038291_0_frame(3).png,2,0.5919270833333333,0.5175925925925926,0.05625,0.2810185185185185
GP038291_0_frame(3).png,2,0.86953125,0.512962962962963,0.023958333333333335,0.09444444444444444
