image,label,x,y,width,height
GP038291_0_frame(74).png,1,0.7674479166666667,0.5481481481481482,0.053125,0.07407407407407407
GP038291_0_frame(74).png,2,0.76171875,0.5148148148148148,0.015364583333333333,0.06759259259259259
