image,label,x,y,width,height
GP038291_0_frame(92).png,1,0.32083333333333336,0.5324074074074074,0.01875,0.05138888888888889
GP038291_0_frame(92).png,2,0.3182291666666667,0.5074074074074074,0.011979166666666667,0.04861111111111111
