image,label,x,y,width,height
GP038291_0_frame(95).png,2,0.34661458333333334,0.5106481481481482,0.007552083333333333,0.03564814814814815
GP038291_0_frame(95).png,1,0.34713541666666664,0.5296296296296297,0.01171875,0.03796296296296296
