image,label,x,y,width,height
GP038291_0_frame(51).png,1,0.6776041666666667,0.549074074074074,0.04192708333333333,0.06805555555555555
GP038291_0_frame(51).png,2,0.6807291666666667,0.5171296296296296,0.0140625,0.06342592592592593
