image,label,x,y,width,height
GP038291_0_frame(106).png,1,0.9119791666666667,0.6273148148148148,0.17578125,0.19027777777777777
GP038291_0_frame(106).png,2,0.8994791666666667,0.5398148148148149,0.035416666666666666,0.1763888888888889
