image,label,x,y,width,height
GP038291_0_frame(6).png,1,0.54921875,0.611574074074074,0.18046875,0.1884259259259259
GP038291_0_frame(6).png,1,0.8049479166666667,0.611574074074074,0.0875,0.2175925925925926
GP038291_0_frame(6).png,2,0.8161458333333333,0.5148148148148148,0.05286458333333333,0.1912037037037037
GP038291_0_frame(6).png,2,0.5528645833333333,0.5208333333333334,0.034895833333333334,0.1925925925925926
