image,label,x,y,width,height
GP038291_0_frame(73).png,1,0.8169270833333333,0.5518518518518518,0.059375,0.08611111111111111
GP038291_0_frame(73).png,2,0.8114583333333333,0.5157407407407407,0.015364583333333333,0.075
