image,label,x,y,width,height
GP038291_0_frame(19).png,1,0.7622395833333333,0.5532407407407407,0.06588541666666667,0.09722222222222222
GP038291_0_frame(19).png,2,0.7619791666666667,0.5166666666666667,0.01484375,0.07083333333333333
