image,label,x,y,width,height
GP038291_0_frame(107).png,1,0.740625,0.5689814814814815,0.03125,0.1125
GP038291_0_frame(107).png,2,0.7395833333333334,0.5199074074074074,0.02578125,0.09027777777777778
