image,label,x,y,width,height
GP038291_0_frame(26).png,1,0.16848958333333333,0.5467592592592593,0.057291666666666664,0.10972222222222222
GP038291_0_frame(26).png,2,0.17161458333333332,0.5060185185185185,0.017447916666666667,0.08888888888888889
