image,label,x,y,width,height
halle2_frame(16).png,2,0.5484375,0.49398148148148147,0.007552083333333333,0.038425925925925926
halle2_frame(16).png,1,0.5486979166666667,0.5157407407407407,0.01015625,0.0375
