image,label,x,y,width,height
halle1_frame(20).png,1,0.32760416666666664,0.67,0.08,0.13
halle1_frame(20).png,2,0.318,0.6370370370370371,0.035,0.11
