image,label,x,y,width,height
halle1_frame(5).png,1,0.48776041666666664,0.5287037037037037,0.03,0.044
halle1_frame(5).png,2,0.49,0.5069444444444444,0.01,0.04537037037037037
