image,label,x,y,width,height
halle2_frame(14).png,2,0.546875,0.49537037037037035,0.009375,0.03888888888888889
halle2_frame(14).png,1,0.5473958333333333,0.5157407407407407,0.012239583333333333,0.041666666666666664
