image,label,x,y,width,height
halle2_frame(22).png,1,0.5424479166666667,0.5087962962962963,0.013541666666666667,0.03657407407407407
halle2_frame(22).png,2,0.5411458333333333,0.49074074074074076,0.009375,0.03611111111111111
