image,label,x,y,width,height
halle1_frame(25).png,2,0.31276041666666665,0.5574074074074075,0.020052083333333335,0.06805555555555555
halle1_frame(25).png,1,0.3143229166666667,0.585,0.021,0.095
