image,label,x,y,width,height
halle1_frame(2).png,1,0.40677083333333336,0.5171296296296296,0.016145833333333335,0.03564814814814815
halle1_frame(2).png,2,0.40651041666666665,0.49953703703703706,0.008854166666666666,0.03981481481481482
