image,label,x,y,width,height
halle2_frame(12).png,1,0.5403645833333334,0.5171296296296296,0.019010416666666665,0.04351851851851852
halle2_frame(12).png,2,0.53984375,0.49722222222222223,0.010416666666666666,0.04212962962962963
