image,label,x,y,width,height
halle2_frame(10).png,1,0.5315104166666667,0.5199074074074074,0.03,0.041666666666666664
halle2_frame(10).png,2,0.5317708333333333,0.4981481481481482,0.00859375,0.04351851851851852
