image,label,x,y,width,height
halle2_frame(20).png,1,0.5463541666666667,0.5097222222222222,0.011458333333333333,0.03935185185185185
halle2_frame(20).png,2,0.54609375,0.49166666666666664,0.0078125,0.04027777777777778
