image,label,x,y,width,height
halle2_frame(23).png,1,0.53984375,0.5078703703703704,0.013020833333333334,0.03796296296296296
halle2_frame(23).png,2,0.53828125,0.4912037037037037,0.00859375,0.03796296296296296
