image,label,x,y,width,height
halle1_frame(12).png,2,0.7083333333333334,0.5560185185185185,0.019270833333333334,0.07731481481481481
halle1_frame(12).png,1,0.7109375,0.5930555555555556,0.03333333333333333,0.0875

