image,label,x,y,width,height
halle1_frame(19).png,2,0.389,0.6310185185185185,0.026,0.12
halle1_frame(19).png,1,0.398,0.6865740740740741,0.1,0.13
