image,label,x,y,width,height
halle1_frame(7).png,2,0.5596354166666667,0.5138888888888888,0.01,0.04583333333333333
halle1_frame(7).png,1,0.5588541666666667,0.5407407407407407,0.036,0.057
