image,label,x,y,width,height
halle1_frame(4).png,1,0.4578125,0.525,0.023,0.044
halle1_frame(4).png,2,0.4578125,0.51,0.009635416666666667,0.04490740740740741
