image,label,x,y,width,height
halle1_frame(18).png,2,0.4708333333333333,0.625,0.022916666666666665,0.11435185185185186
halle1_frame(18).png,1,0.47265625,0.6828703703703703,0.1015625,0.12407407407407407
