image,label,x,y,width,height
halle2_frame(27).png,2,0.5322916666666667,0.48842592592592593,0.007291666666666667,0.03657407407407407
halle2_frame(27).png,1,0.5325520833333334,0.5046296296296297,0.01171875,0.032407407407407406
