image,label,x,y,width,height
halle2_frame(17).png,2,0.5484375,0.4935185185185185,0.007552083333333333,0.038425925925925926
halle2_frame(17).png,1,0.5489583333333333,0.513425925925926,0.010677083333333334,0.037037037037037035
