image,label,x,y,width,height
halle1_frame(14).png,2,0.7231770833333333,0.5828703703703704,0.019791666666666666,0.08935185185185185
halle1_frame(14).png,1,0.72265625,0.6240740740740741,0.04,0.10046296296296296
