image,label,x,y,width,height
halle2_frame(24).png,2,0.5372395833333333,0.48703703703703705,0.00859375,0.034722222222222224
halle2_frame(24).png,1,0.53828125,0.5055555555555555,0.012239583333333333,0.03796296296296296
