image,label,x,y,width,height
halle1_frame(34).png,1,0.4322916666666667,0.524074074074074,0.038802083333333334,0.04814814814814815
halle1_frame(34).png,2,0.4328125,0.5027777777777778,0.009375,0.04490740740740741
