image,label,x,y,width,height
halle1_frame(9).png,1,0.628,0.5541666666666667,0.043,0.065
halle1_frame(9).png,2,0.6278645833333333,0.53,0.015,0.065
