image,label,x,y,width,height
halle1_frame(3).png,1,0.42916666666666664,0.5203703703703704,0.022,0.037037037037037035
halle1_frame(3).png,2,0.42942708333333335,0.5023148148148148,0.009114583333333334,0.03981481481481482

