image,label,x,y,width,height
halle1_frame(32).png,1,0.38255208333333335,0.5273148148148148,0.039,0.046
halle1_frame(32).png,2,0.3841145833333333,0.515,0.01,0.044
