image,label,x,y,width,height
halle2_frame(15).png,2,0.54765625,0.49398148148148147,0.00859375,0.037037037037037035
halle2_frame(15).png,1,0.5484375,0.5143518518518518,0.01171875,0.03981481481481482
