image,label,x,y,width,height
halle1_frame(10).png,2,0.6591145833333333,0.5333333333333333,0.015,0.057
halle1_frame(10).png,1,0.659375,0.5606481481481481,0.035,0.065
