image,label,x,y,width,height
halle1_frame(24).png,2,0.3065104166666667,0.5689814814814815,0.019270833333333334,0.07916666666666666
halle1_frame(24).png,1,0.3067708333333333,0.6050925925925926,0.024479166666666666,0.1
