image,label,x,y,width,height
halle1_frame(28).png,2,0.32838541666666665,0.5319444444444444,0.012239583333333333,0.056018518518518516
halle1_frame(28).png,1,0.3299479166666667,0.5555555555555556,0.017,0.065
