image,label,x,y,width,height
halle2_frame(13).png,1,0.5450520833333333,0.5162037037037037,0.015885416666666666,0.04351851851851852
halle2_frame(13).png,2,0.5447916666666667,0.49583333333333335,0.009895833333333333,0.04027777777777778
