image,label,x,y,width,height
halle2_frame(6).png,1,0.50234375,0.5212962962962963,0.03619791666666667,0.04351851851851852
halle2_frame(6).png,2,0.5036458333333333,0.49907407407407406,0.01,0.04583333333333333
