image,label,x,y,width,height
halle1_frame(37).png,1,0.4484375,0.5236111111111111,0.03671875,0.05138888888888889
halle1_frame(37).png,2,0.45026041666666666,0.5032407407407408,0.008854166666666666,0.047685185185185185
