image,label,x,y,width,height
halle2_frame(25).png,2,0.534375,0.48842592592592593,0.0078125,0.0375
halle2_frame(25).png,1,0.5359375,0.5064814814814815,0.01328125,0.03425925925925926
