image,label,x,y,width,height
halle2_frame(3).png,1,0.48020833333333335,0.5236111111111111,0.03802083333333333,0.044444444444444446
halle2_frame(3).png,2,0.4825520833333333,0.5050925925925925,0.014,0.04259259259259259
