image,label,x,y,width,height
halle2_frame(7).png,1,0.51,0.5212962962962963,0.04,0.04212962962962963
halle2_frame(7).png,2,0.5119791666666667,0.5,0.01,0.04537037037037037
