image,label,x,y,width,height
halle1_frame(26).png,2,0.32083333333333336,0.5476851851851852,0.015885416666666666,0.07
halle1_frame(26).png,1,0.32109375,0.5745370370370371,0.017708333333333333,0.06898148148148148
