image,label,x,y,width,height
halle1_frame(27).png,2,0.325,0.5435185185185185,0.014583333333333334,0.060648148148148145
halle1_frame(27).png,1,0.3255208333333333,0.5685185185185185,0.016666666666666666,0.06111111111111111
