image,label,x,y,width,height
halle1_frame(35).png,1,0.447,0.5231481481481481,0.039322916666666666,0.04953703703703704
halle1_frame(35).png,2,0.44479166666666664,0.505,0.0078125,0.04861111111111111
