image,label,x,y,width,height
halle2_frame(11).png,1,0.5361979166666667,0.5180555555555556,0.024,0.04583333333333333
halle2_frame(11).png,2,0.5361979166666667,0.49722222222222223,0.010416666666666666,0.044444444444444446
