image,label,x,y,width,height
halle2_frame(1).png,1,0.46536458333333336,0.524537037037037,0.04010416666666667,0.046296296296296294
halle2_frame(1).png,2,0.46484375,0.5027777777777778,0.008333333333333333,0.04490740740740741
