image,label,x,y,width,height
halle1_frame(13).png,2,0.7276041666666667,0.5703703703703704,0.019270833333333334,0.08009259259259259
halle1_frame(13).png,1,0.7294270833333333,0.6138888888888889,0.028385416666666666,0.08796296296296297
