image,label,x,y,width,height
halle2_frame(19).png,2,0.546875,0.4912037037037037,0.008072916666666667,0.038425925925925926
halle2_frame(19).png,1,0.5473958333333333,0.5106481481481482,0.010677083333333334,0.03981481481481482
