image,label,x,y,width,height
halle1_frame(36).png,1,0.44921875,0.5231481481481481,0.0359375,0.050462962962962966
halle1_frame(36).png,2,0.4505208333333333,0.5032407407407408,0.008854166666666666,0.04537037037037037
