image,label,x,y,width,height
halle1_frame(22).png,2,0.27734375,0.6037037037037037,0.024479166666666666,0.09444444444444444
halle1_frame(22).png,1,0.275,0.6481481481481481,0.030729166666666665,0.11666666666666667
