image,label,x,y,width,height
halle1_frame(23).png,2,0.2921875,0.5842592592592593,0.025,0.09
halle1_frame(23).png,1,0.2911458333333333,0.6199074074074075,0.03,0.12
