image,label,x,y,width,height
halle1_frame(33).png,1,0.41015625,0.5259259259259259,0.04,0.049
halle1_frame(33).png,2,0.40989583333333335,0.51,0.01,0.04675925925925926
