image,label,x,y,width,height
halle2_frame(4).png,1,0.48671875,0.5226851851851851,0.04,0.04212962962962963
halle2_frame(4).png,2,0.48828125,0.5037037037037037,0.009375,0.041666666666666664

