image,label,x,y,width,height
halle1_frame(30).png,2,0.34036458333333336,0.5203703703703704,0.0125,0.05138888888888889
halle1_frame(30).png,1,0.342,0.5416666666666666,0.026,0.056
