image,label,x,y,width,height
halle2_frame(26).png,2,0.5333333333333333,0.487962962962963,0.007291666666666667,0.0375
halle2_frame(26).png,1,0.534375,0.5046296296296297,0.010416666666666666,0.034722222222222224
