image,label,x,y,width,height
halle1_frame(8).png,2,0.5942708333333333,0.5175925925925926,0.009895833333333333,0.05185185185185185
halle1_frame(8).png,1,0.59375,0.5458333333333333,0.03828125,0.05787037037037037
