image,label,x,y,width,height
halle1_frame(21).png,2,0.27630208333333334,0.6143518518518518,0.028385416666666666,0.10925925925925926
halle1_frame(21).png,1,0.27734375,0.6694444444444444,0.03203125,0.13472222222222222
