image,label,x,y,width,height
halle1_frame(11).png,1,0.6848958333333334,0.5717592592592593,0.03203125,0.07361111111111111
halle1_frame(11).png,2,0.6848958333333334,0.5365740740740741,0.013541666666666667,0.06898148148148148

