image,label,x,y,width,height
halle1_frame(29).png,2,0.3328125,0.524537037037037,0.013020833333333334,0.052314814814814814
halle1_frame(29).png,1,0.3333333333333333,0.5486111111111112,0.014583333333333334,0.05925925925925926
