image,label,x,y,width,height
halle2_frame(5).png,1,0.495,0.5203703703703704,0.04,0.04398148148148148
halle2_frame(5).png,2,0.4981770833333333,0.505,0.015,0.05

