image,label,x,y,width,height
halle1_frame(6).png,1,0.52421875,0.5351851851851852,0.03,0.047
halle1_frame(6).png,2,0.525,0.513425925925926,0.009375,0.04537037037037037
