image,label,x,y,width,height
halle2_frame(18).png,2,0.5481770833333334,0.4930555555555556,0.0078125,0.03888888888888889
halle2_frame(18).png,1,0.5486979166666667,0.513425925925926,0.01171875,0.03981481481481482
