image,label,x,y,width,height
halle1_frame(1).png,1,0.3885416666666667,0.5138888888888888,0.022,0.036
halle1_frame(1).png,2,0.38776041666666666,0.49537037037037035,0.010677083333333334,0.035
