image,label,x,y,width,height
halle2_frame(21).png,2,0.5442708333333334,0.49027777777777776,0.008333333333333333,0.03657407407407407
halle2_frame(21).png,1,0.5450520833333333,0.5074074074074074,0.013541666666666667,0.03611111111111111
