image,label,x,y,width,height
ZOOM0004_0_frame(43).png,1,0.23723958333333334,0.6337962962962963,0.08203125,0.13564814814814816
ZOOM0004_0_frame(43).png,2,0.2375,0.5731481481481482,0.03109375,0.14277777777777777

