image,label,x,y,width,height
ZOOM0004_0_frame(68).png,1,0.6333333333333333,0.5606481481481481,0.014583333333333334,0.04351851851851852
ZOOM0004_0_frame(68).png,2,0.63203125,0.5388888888888889,0.009895833333333333,0.04490740740740741

