image,label,x,y,width,height
ZOOM0004_0_frame(72).png,1,0.4817708333333333,0.5694444444444444,0.046614583333333334,0.05185185185185185
ZOOM0004_0_frame(72).png,2,0.48411458333333335,0.5453703703703704,0.009635416666666667,0.05277777777777778

