image,label,x,y,width,height
ZOOM0004_0_frame(41).png,1,0.30442708333333335,0.5796296296296296,0.050520833333333334,0.06944444444444445
ZOOM0004_0_frame(41).png,2,0.30234375,0.5481481481481482,0.010677083333333334,0.06111111111111111
