image,label,x,y,width,height
ZOOM0004_0_frame(77).png,1,0.5528645833333333,0.5805555555555556,0.0546875,0.07037037037037037
ZOOM0004_0_frame(77).png,2,0.5583333333333333,0.549537037037037,0.0125,0.062037037037037036
