image,label,x,y,width,height
ZOOM0004_0_frame(22).png,1,0.5338541666666666,0.5708333333333333,0.021875,0.050462962962962966
ZOOM0004_0_frame(22).png,2,0.53203125,0.5476851851851852,0.01328125,0.05185185185185185

