image,label,x,y,width,height
ZOOM0004_0_frame(55).png,1,0.7596354166666667,0.5615740740740741,0.025260416666666667,0.05092592592592592
ZOOM0004_0_frame(55).png,2,0.7622395833333333,0.5324074074074074,0.012239583333333333,0.0587962962962963
