image,label,x,y,width,height
ZOOM0004_0_frame(17).png,1,0.2453125,0.5912037037037037,0.053125,0.06666666666666667
ZOOM0004_0_frame(17).png,2,0.24791666666666667,0.5592592592592592,0.01328125,0.06388888888888888
