image,label,x,y,width,height
ZOOM0004_0_frame(71).png,1,0.5356770833333333,0.5694444444444444,0.04375,0.04583333333333333
ZOOM0004_0_frame(71).png,2,0.5348958333333333,0.5476851851851852,0.010854166666666666,0.047685185185185185

