image,label,x,y,width,height
ZOOM0004_0_frame(40).png,1,0.47421875,0.5675925925925925,0.04114583333333333,0.04814814814814815
ZOOM0004_0_frame(40).png,2,0.4791666666666667,0.5449074074074074,0.011458333333333333,0.046296296296296294

