image,label,x,y,width,height
ZOOM0004_0_frame(19).png,1,0.5471354166666667,0.6546296296296297,0.14010416666666667,0.16203703703703703
ZOOM0004_0_frame(19).png,2,0.5611979166666666,0.5856481481481481,0.0265625,0.1398148148148148
