image,label,x,y,width,height
ZOOM0004_0_frame(67).png,1,0.6416666666666667,0.5550925925925926,0.014322916666666666,0.04398148148148148
ZOOM0004_0_frame(67).png,2,0.6424479166666667,0.5347222222222222,0.01171875,0.044444444444444446
