image,label,x,y,width,height
ZOOM0004_0_frame(75).png,1,0.428125,0.5810185185185185,0.042708333333333334,0.06574074074074074
ZOOM0004_0_frame(75).png,2,0.42682291666666666,0.5504629629629629,0.021458333333333333,0.06435185185185185

