image,label,x,y,width,height
ZOOM0004_0_frame(42).png,1,0.15078125,0.6083333333333333,0.036458333333333336,0.09166666666666666
ZOOM0004_0_frame(42).png,2,0.15260416666666668,0.5703703703703704,0.030572916666666666,0.0712962962962963

