image,label,x,y,width,height
ZOOM0004_0_frame(23).png,2,0.5059895833333333,0.5412037037037037,0.0109375,0.04490740740740741
ZOOM0004_0_frame(23).png,1,0.50625,0.562962962962963,0.012760416666666666,0.03935185185185185

