image,label,x,y,width,height
ZOOM0004_0_frame(65).png,2,0.6588541666666666,0.5342592592592592,0.010416666666666666,0.04537037037037037
ZOOM0004_0_frame(65).png,1,0.6580729166666667,0.5541666666666667,0.013020833333333334,0.04212962962962963
