image,label,x,y,width,height
ZOOM0004_0_frame(46).png,2,0.771875,0.5462962962962963,0.018489583333333334,0.06712962962962964
ZOOM0004_0_frame(46).png,1,0.7731770833333333,0.5773148148148148,0.019010416666666665,0.07222222222222222

