image,label,x,y,width,height
ZOOM0004_0_frame(2).png,1,0.7739583333333333,0.5537037037037037,0.02265625,0.04027777777777778
ZOOM0004_0_frame(2).png,2,0.7708333333333334,0.5342592592592592,0.009375,0.041666666666666664
