image,label,x,y,width,height
ZOOM0004_0_frame(21).png,1,0.58984375,0.5800925925925926,0.034895833333333334,0.08101851851851852
ZOOM0004_0_frame(21).png,2,0.5885416666666666,0.5472222222222223,0.01875,0.075
