image,label,x,y,width,height
ZOOM0004_0_frame(16).png,1,0.42890625,0.5652777777777778,0.029166666666666667,0.04398148148148148
ZOOM0004_0_frame(16).png,2,0.4265625,0.5421296296296296,0.011197916666666667,0.04814814814814815
