image,label,x,y,width,height
ZOOM0004_0_frame(20).png,1,0.6953125,0.6106481481481482,0.05625,0.09953703703703703
ZOOM0004_0_frame(20).png,2,0.6869791666666667,0.5597222222222222,0.024479166666666666,0.09537037037037037
