image,label,x,y,width,height
ZOOM0004_0_frame(73).png,1,0.43671875,0.5731481481481482,0.03619791666666667,0.049074074074074076
ZOOM0004_0_frame(73).png,2,0.43802083333333336,0.549537037037037,0.011197916666666667,0.05277777777777778

