image,label,x,y,width,height
ZOOM0004_0_frame(74).png,1,0.4109375,0.5810185185185185,0.017708333333333333,0.05324074074074074
ZOOM0004_0_frame(74).png,2,0.41041666666666665,0.5541666666666667,0.0125,0.05416666666666667

