image,label,x,y,width,height
ZOOM0004_0_frame(78).png,1,0.6028645833333334,0.5717592592592593,0.0390625,0.07037037037037037
ZOOM0004_0_frame(78).png,2,0.6067708333333334,0.5476851851851852,0.01484375,0.05787037037037037
