image,label,x,y,width,height
ZOOM0004_0_frame(44).png,1,0.5463541666666667,0.6351851851851852,0.1203125,0.15925925925925927
ZOOM0004_0_frame(44).png,2,0.5546875,0.5777777777777777,0.03046875,0.125

