image,label,x,y,width,height
ZOOM0004_0_frame(45).png,2,0.74609375,0.5615740740740741,0.028645833333333332,0.09675925925925925
ZOOM0004_0_frame(45).png,1,0.7458333333333333,0.6041666666666666,0.0296875,0.11203703703703703

