image,label,x,y,width,height
ZOOM0004_0_frame(6).png,2,0.4921875,0.5449074074074074,0.009635416666666667,0.041666666666666664
ZOOM0004_0_frame(6).png,1,0.49166666666666664,0.5662037037037037,0.01328125,0.0412037037037037
