image,label,x,y,width,height
ZOOM0004_0_frame(8).png,1,0.7572916666666667,0.5625,0.029947916666666668,0.053703703703703705
ZOOM0004_0_frame(8).png,2,0.7583333333333333,0.5342592592592592,0.013541666666666667,0.059722222222222225
